Episode,Timestep,State,Action,Human_Reward,Environment_Reward,Learning_Mode,Update_Type,TD_Target,Model_Error
1,0,[-0.56993735  0.        ],0,0,-1.0,hybrid,Hybrid_TD_Supervised,-1.0,0.5
1,1,[-0.5705909  -0.00065358],1,0,-1.0,hybrid,Hybrid_TD_Supervised,-1.0,0.5
1,2,[-5.7089323e-01 -3.0230428e-04],2,0,-1.0,hybrid,Hybrid_TD_Supervised,-1.0,0.5
1,3,[-0.569842    0.00105122],1,0,-1.0,hybrid,Hybrid_TD_Supervised,-1.0484058755013625,0.4986929679289617
1,4,[-0.5684451   0.00139693],2,0,-1.0,hybrid,Hybrid_TD_Supervised,-1.0481514582711984,0.4985725321728459
1,5,[-0.5657128   0.00273226],0,0,-1.0,hybrid,Hybrid_TD_Supervised,-1.0484187439476227,0.4988164944891488
1,6,[-0.56366557  0.00204728],1,0,-1.0,hybrid,Hybrid_TD_Supervised,-1.0966170729468039,0.4974064834863541
1,7,[-0.56131846  0.00234705],2,0,-1.0,hybrid,Hybrid_TD_Supervised,-1.0961985951360878,0.49717554820511495
1,8,[-0.55768913  0.00362935],0,0,-1.0,hybrid,Hybrid_TD_Supervised,-1.0969089682090813,0.4975927365571707
1,9,[-0.55480456  0.00288458],1,0,-1.0,hybrid,Hybrid_TD_Supervised,-1.1447835249831828,0.49612386798699704
1,10,[-0.5516863   0.00311828],2,0,-1.0,hybrid,Hybrid_TD_Supervised,-1.1442087559437364,0.4957660751699881
1,11,[-0.54735756  0.00432869],0,0,-1.0,hybrid,Hybrid_TD_Supervised,-1.1454898031237783,0.49637527687337973
1,12,[-0.54385084  0.00350673],1,0,-1.0,hybrid,Hybrid_TD_Supervised,-1.1929819398366186,0.4948403123061588
1,13,[-0.5401923   0.00365853],2,0,-1.0,hybrid,Hybrid_TD_Supervised,-1.1922539268797345,0.4943551494861854
1,14,[-0.5354094   0.00478293],0,0,-1.0,hybrid,Hybrid_TD_Supervised,-1.19409740806554,0.49514635097805676
1,15,[-0.5315379   0.00387149],2,0,-1.0,hybrid,Hybrid_TD_Supervised,-1.2399601672636396,0.4926841852566557
1,16,[-0.52660686  0.00493103],1,0,-1.0,hybrid,Hybrid_TD_Supervised,-1.2396839572373095,0.493547153743055
1,17,[-0.5216533   0.00495359],0,0,-1.0,hybrid,Hybrid_TD_Supervised,-1.2425844276103637,0.49387857233128885
1,18,[-0.5177143  0.003939 ],1,0,-1.0,hybrid,Hybrid_TD_Supervised,-1.28943674073858,0.49226972166879995
1,19,[-0.51381946  0.00389486],1,0,-1.0,hybrid,Hybrid_TD_Supervised,-1.289646401907201,0.466715857277809
1,20,[-0.5099979   0.00382153],2,0,-1.0,hybrid,Hybrid_TD_Supervised,-1.288206660434334,0.4916578555291665
1,21,[-0.50527835  0.00471955],0,0,-1.0,hybrid,Hybrid_TD_Supervised,-1.2906164869814634,0.4925057316548933
1,22,[-0.5016961   0.00358222],2,0,-1.0,hybrid,Hybrid_TD_Supervised,-1.3366925516789567,0.4904190983564429
1,23,[-0.49727806  0.00441807],0,0,-1.0,hybrid,Hybrid_TD_Supervised,-1.338902834365732,0.49108694330515906
1,24,[-0.4940572   0.00322087],1,0,-1.0,hybrid,Hybrid_TD_Supervised,-1.382934318258049,0.4897312380071577
1,25,[-0.4910576   0.00299959],2,0,-1.0,hybrid,Hybrid_TD_Supervised,-1.3849200208542658,0.4893181234138153
1,26,[-0.48730168  0.00375592],0,0,-1.0,hybrid,Hybrid_TD_Supervised,-1.3863078021460453,0.4894804206606177
1,27,[-0.48481745  0.00248423],0,0,-1.0,hybrid,Hybrid_TD_Supervised,-1.4296469528709683,0.4858024290141896
1,28,[-0.48362342  0.00119403],1,0,-1.0,hybrid,Hybrid_TD_Supervised,-1.4290544830123402,0.48839726631092356
1,29,[-0.48272848  0.00089493],2,0,-1.0,hybrid,Hybrid_TD_Supervised,-1.4326844128094913,0.4889250609638236
1,30,[-0.48113933  0.00158917],1,0,-1.0,hybrid,Hybrid_TD_Supervised,-1.4775548588425158,0.4871038513326198
1,31,[-0.47986773  0.00127159],2,0,-1.0,hybrid,Hybrid_TD_Supervised,-1.4809008398446446,0.48747746812211395
1,32,[-0.47792318  0.00194454],0,0,-1.0,hybrid,Hybrid_TD_Supervised,-1.4788873769229656,0.4858554410031508
1,33,[-0.47732013  0.00060305],1,0,-1.0,hybrid,Hybrid_TD_Supervised,-1.5234068399911302,0.4857748278263258
1,34,[-4.7706306e-01  2.5707157e-04],0,0,-1.0,hybrid,Hybrid_TD_Supervised,-1.52069035699596,0.483529442476821
1,35,[-0.47815388 -0.00109081],2,0,-1.0,hybrid,Hybrid_TD_Supervised,-1.524886874304765,0.4874706260104448
1,36,[-4.7858447e-01 -4.3059539e-04],1,0,-1.0,hybrid,Hybrid_TD_Supervised,-1.5686635469348427,0.4844765236854043
1,37,[-0.47935167 -0.00076718],0,0,-1.0,hybrid,Hybrid_TD_Supervised,-1.563209499983516,0.48159998037361007
1,38,[-0.48144972 -0.00209806],2,0,-1.0,hybrid,Hybrid_TD_Supervised,-1.569823520995699,0.4868494095223676
1,39,[-0.48286304 -0.00141333],1,0,-1.0,hybrid,Hybrid_TD_Supervised,-1.6130067874872598,0.4832333754879984
1,40,[-0.48458114 -0.00171809],0,0,-1.0,hybrid,Hybrid_TD_Supervised,-1.6048769267226166,0.47977453123920755
1,41,[-0.4875912  -0.00301006],2,0,-1.0,hybrid,Hybrid_TD_Supervised,-1.6141745519360202,0.4862414530598921
1,42,[-0.4898708  -0.00227959],0,0,-1.0,hybrid,Hybrid_TD_Supervised,-1.648008534960832,0.47820230171598943
1,43,[-0.4934029  -0.00353212],1,0,-1.0,hybrid,Hybrid_TD_Supervised,-1.6486683523247128,0.4822094831330444
1,44,[-0.49716118 -0.00375828],2,0,-1.0,hybrid,Hybrid_TD_Supervised,-1.6584563538832864,0.4855997363630231
1,45,[-0.50011754 -0.00295635],0,0,-1.0,hybrid,Hybrid_TD_Supervised,-1.6895335059706653,0.4767024206104228
1,46,[-0.5042498  -0.00413231],1,0,-1.0,hybrid,Hybrid_TD_Supervised,-1.6917823110911452,0.48118243746231676
1,47,[-0.50852716 -0.00427735],2,0,-1.0,hybrid,Hybrid_TD_Supervised,-1.7029481481973372,0.48484705586817795
1,48,[-0.51191753 -0.00339035],0,0,-1.0,hybrid,Hybrid_TD_Supervised,-1.7318187737392503,0.4754421887344949
1,49,[-0.51639545 -0.00447794],1,0,-1.0,hybrid,Hybrid_TD_Supervised,-1.7357758940946972,0.4801832050393533
1,50,[-0.5209274  -0.00453196],2,0,-1.0,hybrid,Hybrid_TD_Supervised,-1.7479717923808984,0.4839250155760975
1,51,[-0.52447945 -0.00355199],0,0,-1.0,hybrid,Hybrid_TD_Supervised,-1.7753311917320864,0.4744063572603807
1,52,[-0.52902484 -0.00454539],1,0,-1.0,hybrid,Hybrid_TD_Supervised,-1.7809066705374346,0.4791750683654945
1,53,[-0.5335295 -0.0045047],2,0,-1.0,hybrid,Hybrid_TD_Supervised,-1.7936533618915402,0.4827843871469376
1,54,[-0.53695977 -0.00343023],0,0,-1.0,hybrid,Hybrid_TD_Supervised,-1.8202948341909484,0.47356638866598133
1,55,[-0.5412898  -0.00433005],1,0,-1.0,hybrid,Hybrid_TD_Supervised,-1.8271840303523987,0.4781265649020237
1,56,[-0.5454872  -0.00419743],2,0,-1.0,hybrid,Hybrid_TD_Supervised,-1.8398964458197042,0.4813926585586511
1,57,[-0.54852057 -0.00303338],0,0,-1.0,hybrid,Hybrid_TD_Supervised,-1.866682844738031,0.47289499120046546
1,58,[-0.5523672  -0.00384664],1,0,-1.0,hybrid,Hybrid_TD_Supervised,-1.8744002134472595,0.4770195199267066
1,59,[-0.5559984  -0.00363115],2,0,-1.0,hybrid,Hybrid_TD_Supervised,-1.886432262168619,0.47973954907240474
1,60,[-0.5583869  -0.00238853],0,0,-1.0,hybrid,Hybrid_TD_Supervised,-1.9142741602446376,0.47237121653180714
1,61,[-0.56151503 -0.00312809],1,0,-1.0,hybrid,Hybrid_TD_Supervised,-1.9222111911816073,0.4758508702314783
1,62,[-0.56435937 -0.00284433],2,0,-1.0,hybrid,Hybrid_TD_Supervised,-1.9329162877528998,0.47784079914122335
1,63,[-0.5658987  -0.00153939],0,0,-1.0,hybrid,Hybrid_TD_Supervised,-1.9627403841491349,0.4719755319357637
1,64,[-0.56812173 -0.00222299],1,0,-1.0,hybrid,Hybrid_TD_Supervised,-1.970233444394774,0.47462996884465514
1,65,[-0.5700118  -0.00189006],2,0,-1.0,hybrid,Hybrid_TD_Supervised,-1.9790353363377382,0.47573912022812725
1,66,[-5.7055485e-01 -5.4308842e-04],0,0,-1.0,hybrid,Hybrid_TD_Supervised,-2.0117341230912347,0.47168126560554
1,67,[-0.57174695 -0.00119208],1,0,-1.0,hybrid,Hybrid_TD_Supervised,-2.0181358415936854,0.47337358782363026
1,68,[-0.5725792  -0.00083222],2,0,-1.0,hybrid,Hybrid_TD_Supervised,-2.0245966391144776,0.4734990304854877
1,69,[-5.720454e-01  5.338081e-04],0,0,-1.0,hybrid,Hybrid_TD_Supervised,-2.060956231021314,0.47144928301778377
1,70,[-5.7214952e-01 -1.0412031e-04],1,0,-1.0,hybrid,Hybrid_TD_Supervised,-2.0657060391193753,0.4720993142723525
1,71,[-5.7189077e-01  2.5872394e-04],2,0,-1.0,hybrid,Hybrid_TD_Supervised,-2.069569165139149,0.47119437267255027
1,72,[-0.57027113  0.00161965],0,0,-1.0,hybrid,Hybrid_TD_Supervised,-2.1101787461384136,0.47122927922499547
1,73,[-0.56930256  0.00096855],1,0,-1.0,hybrid,Hybrid_TD_Supervised,-2.1128657308623335,0.47081997960928224
1,74,[-0.5679923   0.00131025],2,0,-1.0,hybrid,Hybrid_TD_Supervised,-2.1140632790896854,0.4688967011217826
1,75,[-0.5653501   0.00264222],1,0,-1.0,hybrid,Hybrid_TD_Supervised,-2.155711544563853,0.4696189608651741
1,76,[-0.5623956   0.00295454],0,0,-1.0,hybrid,Hybrid_TD_Supervised,-2.160612765027149,0.47124094000897443
1,77,[-0.5601507   0.00224486],2,0,-1.0,hybrid,Hybrid_TD_Supervised,-2.1588208542921103,0.4666641771824447
1,78,[-0.5566322   0.00351845],1,0,-1.0,hybrid,Hybrid_TD_Supervised,-2.2009873500482735,0.4683766507643494
1,79,[-0.55286646  0.00376579],2,0,-1.0,hybrid,Hybrid_TD_Supervised,-2.1954773185712906,0.4639491179800347
1,80,[-0.5478814   0.00498502],0,0,-1.0,hybrid,Hybrid_TD_Supervised,-2.206122744639708,0.472184031255922
1,81,[-0.54371446  0.00416698],1,0,-1.0,hybrid,Hybrid_TD_Supervised,-2.2469963036791323,0.4671292105796231
1,82,[-0.5393967   0.00431775],2,0,-1.0,hybrid,Hybrid_TD_Supervised,-2.239522269415936,0.46208018201057033
1,83,[-0.5339605   0.00543619],0,0,-1.0,hybrid,Hybrid_TD_Supervised,-2.2538724843815032,0.47145398395923865
1,84,[-0.5294466  0.0045139],1,0,-1.0,hybrid,Hybrid_TD_Supervised,-2.2928932905059316,0.4659176329750744
1,85,[-0.5248889   0.00455775],2,0,-1.0,hybrid,Hybrid_TD_Supervised,-2.284214171772199,0.4605611622047644
1,86,[-0.51932144  0.00556743],0,0,-1.0,hybrid,Hybrid_TD_Supervised,-2.301116080431976,0.4703999410386478
1,87,[-0.51478606  0.00453535],1,0,-1.0,hybrid,Hybrid_TD_Supervised,-2.338791504801831,0.46473118530287894
1,88,[-0.51031685  0.00446926],2,0,-1.0,hybrid,Hybrid_TD_Supervised,-2.3297998540241016,0.45944478842006786
1,89,[-0.5049471   0.00536967],0,0,-1.0,hybrid,Hybrid_TD_Supervised,-2.3477922600570755,0.46892813649137643
1,90,[-0.5007173   0.00422986],1,0,-1.0,hybrid,Hybrid_TD_Supervised,-2.3846607025827904,0.46353822877788364
1,91,[-0.49665892  0.00405838],2,0,-1.0,hybrid,Hybrid_TD_Supervised,-2.376305358129045,0.4587449923631808
1,92,[-0.49180236  0.00485655],0,0,-1.0,hybrid,Hybrid_TD_Supervised,-2.3936567522964403,0.4669589353881569
1,93,[-0.48818392  0.00361844],1,0,-1.0,hybrid,Hybrid_TD_Supervised,-2.4302270624898537,0.4623005031039612
1,94,[-0.4848306   0.00335333],2,0,-1.0,hybrid,Hybrid_TD_Supervised,-2.423435811575464,0.45844149609451024
1,95,[-0.48076737  0.00406322],0,0,-1.0,hybrid,Hybrid_TD_Supervised,-2.438232709816745,0.46445996809830703
1,96,[-0.47802448  0.00274287],0,0,-1.0,hybrid,Hybrid_TD_Supervised,-2.47776652202957,0.45752693914264086
1,97,[-0.47662237  0.00140213],1,0,-1.0,hybrid,Hybrid_TD_Supervised,-2.477058674934508,0.46075748376748016
1,98,[-0.4755714   0.00105097],2,0,-1.0,hybrid,Hybrid_TD_Supervised,-2.4766383176104902,0.4601663393441163
1,99,[-0.4738794   0.00169201],2,0,-1.0,hybrid,Hybrid_TD_Supervised,-2.517961416583419,0.4577406328296336
1,100,[-0.4715589   0.00232049],2,0,-1.0,hybrid,Hybrid_TD_Supervised,-2.512982682892724,0.4331195632409406
1,101,[-0.46862713  0.00293178],1,0,-1.0,hybrid,Hybrid_TD_Supervised,-2.5126036480804643,0.4599951488335352
1,102,[-0.46610576  0.00252136],0,0,-1.0,hybrid,Hybrid_TD_Supervised,-2.520950958549421,0.4593453432350708
1,103,[-0.46501347  0.0010923 ],1,0,-1.0,hybrid,Hybrid_TD_Supervised,-2.558640538441078,0.458386822423147
1,104,[-0.4643583   0.00065516],0,0,-1.0,hybrid,Hybrid_TD_Supervised,-2.5564984693870287,0.45478760795276574
1,105,[-0.4651451 -0.0007868],2,0,-1.0,hybrid,Hybrid_TD_Supervised,-2.6012323252584366,0.45948879033405576
1,106,[-4.6536806e-01 -2.2296337e-04],1,0,-1.0,hybrid,Hybrid_TD_Supervised,-2.6002563222350625,0.4569758683031294
1,107,[-0.46602553 -0.00065748],0,0,-1.0,hybrid,Hybrid_TD_Supervised,-2.5900715937408547,0.45136170476816373
1,108,[-0.46811268 -0.00208713],0,0,-1.0,hybrid,Hybrid_TD_Supervised,-2.616221764977521,0.4480509402532856
1,109,[-0.47161403 -0.00350136],1,0,-1.0,hybrid,Hybrid_TD_Supervised,-2.6175990188812666,0.45591532501835297
1,110,[-0.47550368 -0.00388967],2,0,-1.0,hybrid,Hybrid_TD_Supervised,-2.629916241263302,0.4629715921461255
1,111,[-0.47875282 -0.00324913],0,0,-1.0,hybrid,Hybrid_TD_Supervised,-2.6466961308159713,0.44544884903571835
1,112,[-0.48333728 -0.00458446],1,0,-1.0,hybrid,Hybrid_TD_Supervised,-2.652530571493558,0.4550524329561101
1,113,[-0.48822296 -0.00488569],2,0,-1.0,hybrid,Hybrid_TD_Supervised,-2.6689232650741936,0.46341736430410385
1,114,[-0.49237347 -0.00415051],0,0,-1.0,hybrid,Hybrid_TD_Supervised,-2.67797568051881,0.44357009494631816
1,115,[-0.49775782 -0.00538435],1,0,-1.0,hybrid,Hybrid_TD_Supervised,-2.68866114484916,0.45433564272634375
1,116,[-0.5033358  -0.00557797],2,0,-1.0,hybrid,Hybrid_TD_Supervised,-2.7084927031067867,0.4634765797385877
1,117,[-0.50806564 -0.00472985],0,0,-1.0,hybrid,Hybrid_TD_Supervised,-2.711560423954097,0.4423927153006547
1,118,[-0.51391196 -0.0058463 ],1,0,-1.0,hybrid,Hybrid_TD_Supervised,-2.7270063669158398,0.45368009353110894
1,119,[-0.5198309  -0.00591894],2,0,-1.0,hybrid,Hybrid_TD_Supervised,-2.749339118272359,0.46302640902873116
1,120,[-0.52477807 -0.0049472 ],0,0,-1.0,hybrid,Hybrid_TD_Supervised,-2.7484420879369766,0.4418130221704737
1,121,[-0.5307165  -0.00593836],2,0,-1.0,hybrid,Hybrid_TD_Supervised,-2.786869886353786,0.45911817746590333
1,122,[-0.53560144 -0.00488498],1,0,-1.0,hybrid,Hybrid_TD_Supervised,-2.7862843977351606,0.45268436394453504
1,123,[-0.5403964  -0.00479498],0,0,-1.0,hybrid,Hybrid_TD_Supervised,-2.7893031648404993,0.4416438545946124
1,124,[-0.54606545 -0.00566905],1,0,-1.0,hybrid,Hybrid_TD_Supervised,-2.8118143892883714,0.4521674431603502
1,125,[-0.5515661  -0.00550068],2,0,-1.0,hybrid,Hybrid_TD_Supervised,-2.835029647842899,0.46029911374074506
1,126,[-0.5558573  -0.00429117],0,0,-1.0,hybrid,Hybrid_TD_Supervised,-2.8329799224796877,0.4419018636493376
1,127,[-0.5609069  -0.00504961],1,0,-1.0,hybrid,Hybrid_TD_Supervised,-2.857328553133148,0.4512269567243894
1,128,[-0.5656773  -0.00477038],0,0,-1.0,hybrid,Hybrid_TD_Supervised,-2.848478631032948,0.4364188921385076
1,129,[-0.5711329  -0.00545563],1,0,-1.0,hybrid,Hybrid_TD_Supervised,-2.8487209676731484,0.43215760414872506
1,130,[-0.57623327 -0.00510033],2,0,-1.0,hybrid,Hybrid_TD_Supervised,-2.863426806880528,0.4587023678228175
1,131,[-0.57994044 -0.00370721],2,0,-1.0,hybrid,Hybrid_TD_Supervised,-2.919267176759514,0.45509174093158045
1,132,[-0.5822271  -0.00228666],0,0,-1.0,hybrid,Hybrid_TD_Supervised,-2.92425572098956,0.4437041866796454
1,133,[-0.58507633 -0.00284921],2,0,-1.0,hybrid,Hybrid_TD_Supervised,-2.9544723984247474,0.4480793909220524
1,134,[-0.586467   -0.00139073],1,0,-1.0,hybrid,Hybrid_TD_Supervised,-2.955143351045498,0.4489019921413031
1,135,[-0.58738905 -0.00092201],0,0,-1.0,hybrid,Hybrid_TD_Supervised,-2.9759137758774044,0.4447841664012213
1,136,[-0.58883554 -0.0014465 ],1,0,-1.0,hybrid,Hybrid_TD_Supervised,-2.9949600794900304,0.4478352900195033
1,137,[-0.5897959  -0.00096034],2,0,-1.0,hybrid,Hybrid_TD_Supervised,-3.004802527220181,0.44801304868131187
1,138,[-5.892630e-01  5.328794e-04],0,0,-1.0,hybrid,Hybrid_TD_Supervised,-3.026675122317372,0.44602463199263287
1,139,[-5.8924085e-01  2.2182161e-05],1,0,-1.0,hybrid,Hybrid_TD_Supervised,-3.0416544251093924,0.44655611328342415
1,140,[-5.887295e-01  5.113218e-04],2,0,-1.0,hybrid,Hybrid_TD_Supervised,-3.0453189215116865,0.4442884743159796
1,141,[-0.5867328  0.0019967],0,0,-1.0,hybrid,Hybrid_TD_Supervised,-3.0775636582811887,0.44724190067357883
1,142,[-0.58526546  0.00146738],1,0,-1.0,hybrid,Hybrid_TD_Supervised,-3.087545479126846,0.4452543027189222
1,143,[-0.5833382   0.00192725],2,0,-1.0,hybrid,Hybrid_TD_Supervised,-3.084863391054029,0.4406000370293628
1,144,[-0.5799653  0.0033729],0,0,-1.0,hybrid,Hybrid_TD_Supervised,-3.1279755266115052,0.4483122848146506
1,145,[-0.5771717   0.00279363],1,0,-1.0,hybrid,Hybrid_TD_Supervised,-3.1324920711051463,0.44393746962958125
1,146,[-0.57397795  0.0031937 ],2,0,-1.0,hybrid,Hybrid_TD_Supervised,-3.123678372637028,0.43708592471944563
1,147,[-0.5694078   0.00457011],1,0,-1.0,hybrid,Hybrid_TD_Supervised,-3.1626701163056508,0.44290285034789356
1,148,[-0.56449527  0.0049126 ],1,0,-1.0,hybrid,Hybrid_TD_Supervised,-3.1647959791585807,0.42140629559237586
1,149,[-0.5592767   0.00521855],2,0,-1.0,hybrid,Hybrid_TD_Supervised,-3.1437469481470317,0.4325071692532101
1,150,[-0.55279106  0.00648563],0,0,-1.0,hybrid,Hybrid_TD_Supervised,-3.169377354445138,0.4527637935233033
1,151,[-0.5470868   0.00570429],2,0,-1.0,hybrid,Hybrid_TD_Supervised,-3.1833407362637263,0.4303910852899717
1,152,[-0.5402065  0.0068803],0,0,-1.0,hybrid,Hybrid_TD_Supervised,-3.2152884066269385,0.452420257305145
1,153,[-0.5342017   0.00600481],1,0,-1.0,hybrid,Hybrid_TD_Supervised,-3.2449121414404125,0.4406228221228483
1,154,[-0.52811736  0.00608432],1,0,-1.0,hybrid,Hybrid_TD_Supervised,-3.2466932031756426,0.4188754271707369
1,155,[-0.5219991   0.00611821],2,0,-1.0,hybrid,Hybrid_TD_Supervised,-3.2218885539164686,0.4284741700236856
1,156,[-0.51489294  0.00710621],0,0,-1.0,hybrid,Hybrid_TD_Supervised,-3.2609264673974465,0.45201496526493967
1,157,[-0.508852    0.00604092],2,0,-1.0,hybrid,Hybrid_TD_Supervised,-3.2639496189702664,0.42755802760310924
1,158,[-0.50192165  0.00693036],0,0,-1.0,hybrid,Hybrid_TD_Supervised,-3.305877900971981,0.45065397954100406
1,159,[-0.49615377  0.00576789],0,0,-1.0,hybrid,Hybrid_TD_Supervised,-3.3474846329388925,0.4365481128451685
1,160,[-0.49159148  0.00456229],1,0,-1.0,hybrid,Hybrid_TD_Supervised,-3.347672143154187,0.4383178437145183
1,161,[-0.48726887  0.0043226 ],2,0,-1.0,hybrid,Hybrid_TD_Supervised,-3.3331365766757455,0.4294059950086868
1,162,[-0.4822182   0.00505067],1,0,-1.0,hybrid,Hybrid_TD_Supervised,-3.374523784192041,0.4377031440908392
1,163,[-0.4774771   0.00474111],2,0,-1.0,hybrid,Hybrid_TD_Supervised,-3.3575839186250502,0.42799740996253366
1,164,[-0.4720808  0.0053963],0,0,-1.0,hybrid,Hybrid_TD_Supervised,-3.3949499887294663,0.4449201107153187
1,165,[-0.46806934  0.00401145],0,0,-1.0,hybrid,Hybrid_TD_Supervised,-3.4294236844166566,0.4308615561643445
1,166,[-0.46547243  0.0025969 ],1,0,-1.0,hybrid,Hybrid_TD_Supervised,-3.429133507461615,0.4359227093009883
1,167,[-0.4633093   0.00216316],2,0,-1.0,hybrid,Hybrid_TD_Supervised,-3.422809520072486,0.43184420621862984
1,168,[-0.46059582  0.00271345],2,0,-1.0,hybrid,Hybrid_TD_Supervised,-3.454037503522842,0.4292321234719776
1,169,[-0.45735207  0.00324374],0,0,-1.0,hybrid,Hybrid_TD_Supervised,-3.461902772305545,0.4286688337878981
1,170,[-0.45560193  0.00175015],0,0,-1.0,hybrid,Hybrid_TD_Supervised,-3.4621794243040314,0.4044967482641315
1,171,[-4.5535824e-01  2.4370672e-04],1,0,-1.0,hybrid,Hybrid_TD_Supervised,-3.4605790484071233,0.434405616675124
1,172,[-4.5562276e-01 -2.6452984e-04],1,0,-1.0,hybrid,Hybrid_TD_Supervised,-3.5013199272299684,0.43314795908550496
1,173,[-0.45639357 -0.00077082],0,0,-1.0,hybrid,Hybrid_TD_Supervised,-3.491494600121825,0.404723290418074
1,174,[-0.45866504 -0.00227145],2,0,-1.0,hybrid,Hybrid_TD_Supervised,-3.5008463515325965,0.4391102283337587
1,175,[-0.46042043 -0.00175538],0,0,-1.0,hybrid,Hybrid_TD_Supervised,-3.5230634514626185,0.4036770555087448
1,176,[-0.4636468  -0.00322639],1,0,-1.0,hybrid,Hybrid_TD_Supervised,-3.5197010029221025,0.43192236911230464
1,177,[-0.4673204  -0.00367361],1,0,-1.0,hybrid,Hybrid_TD_Supervised,-3.5204389269837413,0.41209309576323716
1,178,[-0.47141412 -0.00409369],2,0,-1.0,hybrid,Hybrid_TD_Supervised,-3.536973965989121,0.44194017931890706
1,179,[-0.4748976  -0.00348348],2,0,-1.0,hybrid,Hybrid_TD_Supervised,-3.594292861201227,0.4394136403000666
1,180,[-0.47774503 -0.00284744],0,0,-1.0,hybrid,Hybrid_TD_Supervised,-3.5904289262334363,0.4167070317811201
1,181,[-0.4819353  -0.00419026],1,0,-1.0,hybrid,Hybrid_TD_Supervised,-3.604262836813997,0.4298360687647298
1,182,[-0.48643723 -0.00450193],2,0,-1.0,hybrid,Hybrid_TD_Supervised,-3.6313980649774407,0.4406803273495248
1,183,[-0.4902173  -0.00378006],0,0,-1.0,hybrid,Hybrid_TD_Supervised,-3.6149538292222827,0.4142397740300239
1,184,[-0.49524727 -0.00503   ],1,0,-1.0,hybrid,Hybrid_TD_Supervised,-3.6364740533737927,0.4291840138388021
1,185,[-0.50048965 -0.00524238],2,0,-1.0,hybrid,Hybrid_TD_Supervised,-3.6685685306593596,0.44140180012299113
1,186,[-0.5049052  -0.00441556],2,0,-1.0,hybrid,Hybrid_TD_Supervised,-3.698680400951612,0.4222669983723033
1,187,[-0.50846094 -0.00355569],0,0,-1.0,hybrid,Hybrid_TD_Supervised,-3.6688677985970983,0.41407579353454294
1,188,[-0.5131301  -0.00466919],1,0,-1.0,hybrid,Hybrid_TD_Supervised,-3.6947642720658376,0.42819017266480497
1,189,[-0.5178778  -0.00474769],0,0,-1.0,hybrid,Hybrid_TD_Supervised,-3.672569696430096,0.4119479201669074
1,190,[-0.5236684  -0.00579059],1,0,-1.0,hybrid,Hybrid_TD_Supervised,-3.70707451418744,0.42804537824723665
1,191,[-0.52945846 -0.00579007],0,0,-1.0,hybrid,Hybrid_TD_Supervised,-3.674469830490752,0.41072580095424893
1,192,[-0.5362046  -0.00674613],2,0,-1.0,hybrid,Hybrid_TD_Supervised,-3.7160566555443366,0.44322798670772445
1,193,[-0.54185617 -0.0056516 ],0,0,-1.0,hybrid,Hybrid_TD_Supervised,-3.712894404982027,0.41078577263958893
1,194,[-0.54837096 -0.00651474],1,0,-1.0,hybrid,Hybrid_TD_Supervised,-3.717268938665547,0.428358558215324
1,195,[-0.5547001  -0.00632912],2,0,-1.0,hybrid,Hybrid_TD_Supervised,-3.7571254286168325,0.44130866477065145
1,196,[-0.5597963 -0.0050962],0,0,-1.0,hybrid,Hybrid_TD_Supervised,-3.7542695998931404,0.4119216481427699
1,197,[-0.5656215  -0.00582525],1,0,-1.0,hybrid,Hybrid_TD_Supervised,-3.7614845110618553,0.4275490205930905
1,198,[-0.5711324  -0.00551092],2,0,-1.0,hybrid,Hybrid_TD_Supervised,-3.7987576266296963,0.43836794333024964
1,199,[-0.57528806 -0.00415562],0,0,-1.0,hybrid,Hybrid_TD_Supervised,-3.7999838011372815,0.41359052365317805
1,200,[-0.58005756 -0.0047695 ],1,0,-1.0,hybrid,Hybrid_TD_Supervised,-3.807510587986976,0.42653377187213826
1,201,[-0.58440566 -0.00434808],2,0,-1.0,hybrid,Hybrid_TD_Supervised,-3.8399283478339568,0.43453136349234556
1,202,[-0.5873002  -0.00289456],0,0,-1.0,hybrid,Hybrid_TD_Supervised,-3.8490012396280986,0.41572371700456534
1,203,[-0.5907199 -0.0034197],1,0,-1.0,hybrid,Hybrid_TD_Supervised,-3.8542559120472104,0.4253695508212174
1,204,[-0.59363955 -0.00291969],2,0,-1.0,hybrid,Hybrid_TD_Supervised,-3.8798978628382055,0.43001944562312233
1,205,[-0.5950378  -0.00139824],1,0,-1.0,hybrid,Hybrid_TD_Supervised,-3.9086963596737045,0.4239039582019728
1,206,[-0.59590435 -0.00086654],2,0,-1.0,hybrid,Hybrid_TD_Supervised,-3.923811075143609,0.42390741110744234
1,207,[-0.59523284  0.00067151],0,0,-1.0,hybrid,Hybrid_TD_Supervised,-3.92302696620843,0.42260124788773856
1,208,[-5.9502822e-01  2.0464159e-04],1,0,-1.0,hybrid,Hybrid_TD_Supervised,-3.9543308390163334,0.4226171628408202
1,209,[-0.5942919   0.00073627],2,0,-1.0,hybrid,Hybrid_TD_Supervised,-3.960580412380155,0.4189236428812386
1,210,[-0.59202945  0.0022625 ],0,0,-1.0,hybrid,Hybrid_TD_Supervised,-3.9764633006991885,0.42505434115067464
1,211,[-0.5902573   0.00177214],1,0,-1.0,hybrid,Hybrid_TD_Supervised,-3.998787286038764,0.42128460395537104
1,212,[-0.58798856  0.00226875],2,0,-1.0,hybrid,Hybrid_TD_Supervised,-3.995978687669737,0.4139919478199725
1,213,[-0.58423984  0.00374868],0,0,-1.0,hybrid,Hybrid_TD_Supervised,-4.0291217017105865,0.4272420043544922
1,214,[-0.5810389   0.00320098],1,0,-1.0,hybrid,Hybrid_TD_Supervised,-4.041688878729551,0.41991887149129514
1,215,[-0.5774092   0.00362965],2,0,-1.0,hybrid,Hybrid_TD_Supervised,-4.030169136946582,0.40932798799213144
1,216,[-0.57237774  0.00503148],0,0,-1.0,hybrid,Hybrid_TD_Supervised,-4.079891828978894,0.42903407201226385
1,217,[-0.5679817   0.00439602],1,0,-1.0,hybrid,Hybrid_TD_Supervised,-4.0828893295756306,0.41859040282464943
1,218,[-0.5632538   0.00472791],2,0,-1.0,hybrid,Hybrid_TD_Supervised,-4.063669631267398,0.40523291657898675
1,219,[-0.5572292   0.00602462],1,0,-1.0,hybrid,Hybrid_TD_Supervised,-4.096212097964255,0.4178632180774229
1,220,[-0.5509528   0.00627642],2,0,-1.0,hybrid,Hybrid_TD_Supervised,-4.066889441466329,0.40084681717149895
1,221,[-0.54347146  0.00748134],0,0,-1.0,hybrid,Hybrid_TD_Supervised,-4.1072912229626874,0.43449717435314494
1,222,[-0.53684115  0.0066303 ],1,0,-1.0,hybrid,Hybrid_TD_Supervised,-4.134237901624141,0.41691201831871494
1,223,[-0.53011155  0.00672959],2,0,-1.0,hybrid,Hybrid_TD_Supervised,-4.1006381723315375,0.398605808622883
1,224,[-0.52233315  0.00777844],0,0,-1.0,hybrid,Hybrid_TD_Supervised,-4.151460360629054,0.43456862751084313
1,225,[-0.51556414  0.00676894],1,0,-1.0,hybrid,Hybrid_TD_Supervised,-4.173077432971965,0.4162158715585662
1,226,[-0.50885546  0.00670869],2,0,-1.0,hybrid,Hybrid_TD_Supervised,-4.138176496625918,0.39779766294062857
1,227,[-0.50125736  0.00759815],0,0,-1.0,hybrid,Hybrid_TD_Supervised,-4.195255742378862,0.43342608671251504
1,228,[-0.4948266   0.00643071],1,0,-1.0,hybrid,Hybrid_TD_Supervised,-4.213729608113496,0.41559257543735173
1,229,[-0.48861143  0.00621519],2,0,-1.0,hybrid,Hybrid_TD_Supervised,-4.180438456723914,0.39833341543882517
1,230,[-0.48165816  0.00695327],0,0,-1.0,hybrid,Hybrid_TD_Supervised,-4.238738178161109,0.4307405898991099
1,231,[-0.4760186   0.00563954],2,0,-1.0,hybrid,Hybrid_TD_Supervised,-4.223768537165453,0.39900745462925125
1,232,[-0.46973473  0.0062839 ],2,0,-1.0,hybrid,Hybrid_TD_Supervised,-4.1910827052364255,0.37789695686654734
1,233,[-0.46285304  0.00688168],1,0,-1.0,hybrid,Hybrid_TD_Supervised,-4.1927038983659575,0.4168347359006497
1,234,[-0.45642444  0.0064286 ],1,0,-1.0,hybrid,Hybrid_TD_Supervised,-4.225701098686608,0.4106784923106934
1,235,[-0.45049623  0.0059282 ],0,0,-1.0,hybrid,Hybrid_TD_Supervised,-4.249868040533938,0.42719659990559644
1,236,[-0.44611192  0.00438431],0,0,-1.0,hybrid,Hybrid_TD_Supervised,-4.306001486395548,0.42021199662052355
1,237,[-0.44330356  0.00280838],2,0,-1.0,hybrid,Hybrid_TD_Supervised,-4.305426717367588,0.40533225515715277
1,238,[-0.44009158  0.00321197],1,0,-1.0,hybrid,Hybrid_TD_Supervised,-4.310373945536279,0.4130946788563534
1,239,[-0.43749937  0.0025922 ],0,0,-1.0,hybrid,Hybrid_TD_Supervised,-4.334383886964851,0.4125612065147437
1,240,[-0.43654576  0.00095361],2,0,-1.0,hybrid,Hybrid_TD_Supervised,-4.349121075321161,0.40930183009508747
1,241,[-0.43523765  0.00130811],1,0,-1.0,hybrid,Hybrid_TD_Supervised,-4.3523574504206834,0.4111655363988147
1,242,[-0.4345845   0.00065314],0,0,-1.0,hybrid,Hybrid_TD_Supervised,-4.354535314081637,0.4045116754658684
1,243,[-0.43559107 -0.00100656],2,0,-1.0,hybrid,Hybrid_TD_Supervised,-4.388139162879858,0.41349061215099825
1,244,[-0.43625006 -0.00065898],1,0,-1.0,hybrid,Hybrid_TD_Supervised,-4.388593395867208,0.4092857261037719
1,245,[-0.43755668 -0.00130662],0,0,-1.0,hybrid,Hybrid_TD_Supervised,-4.366988419528116,0.39692599612628365
1,246,[-0.44050148 -0.0029448 ],1,0,-1.0,hybrid,Hybrid_TD_Supervised,-4.396792389864457,0.4042647933367154
1,247,[-0.44406307 -0.00356159],0,0,-1.0,hybrid,Hybrid_TD_Supervised,-4.355268131267433,0.38984859728400223
1,248,[-0.44921553 -0.00515247],2,0,-1.0,hybrid,Hybrid_TD_Supervised,-4.396393287851518,0.4235464949082832
1,249,[-0.45392126 -0.00470572],0,0,-1.0,hybrid,Hybrid_TD_Supervised,-4.370800659355414,0.38622877235253084
1,250,[-0.46014574 -0.00622451],1,0,-1.0,hybrid,Hybrid_TD_Supervised,-4.389663207402161,0.40763840192505985
1,251,[-0.46684328 -0.00669753],2,0,-1.0,hybrid,Hybrid_TD_Supervised,-4.426136018059463,0.4266491489247637
1,252,[-0.47296444 -0.00612115],0,0,-1.0,hybrid,Hybrid_TD_Supervised,-4.378094501251337,0.38306518272064816
1,253,[-0.4804639  -0.00749945],0,0,-1.0,hybrid,Hybrid_TD_Supervised,-4.357471337561975,0.38137656855714797
1,254,[-0.48928595 -0.00882205],1,0,-1.0,hybrid,Hybrid_TD_Supervised,-4.36168682988416,0.4091026990344915
1,255,[-0.4983649  -0.00907895],2,0,-1.0,hybrid,Hybrid_TD_Supervised,-4.413227700220027,0.43228219622119335
1,256,[-0.5066329  -0.00826802],0,0,-1.0,hybrid,Hybrid_TD_Supervised,-4.373485537217743,0.38130978415300887
1,257,[-0.5160281  -0.00939521],1,0,-1.0,hybrid,Hybrid_TD_Supervised,-4.391508201468843,0.40936843252948174
1,258,[-0.5254801  -0.00945198],2,0,-1.0,hybrid,Hybrid_TD_Supervised,-4.448710330508361,0.43250000454245763
1,259,[-0.53391796 -0.00843787],0,0,-1.0,hybrid,Hybrid_TD_Supervised,-4.399258790099627,0.38244402504694386
1,260,[-0.54327846 -0.00936049],1,0,-1.0,hybrid,Hybrid_TD_Supervised,-4.428311627346392,0.40929415391955204
1,261,[-0.5524914  -0.00921298],0,0,-1.0,hybrid,Hybrid_TD_Supervised,-4.382755030256508,0.38348435920338075
1,262,[-0.562488   -0.00999656],2,0,-1.0,hybrid,Hybrid_TD_Supervised,-4.442337798684711,0.4331166620065596
1,263,[-0.5711936  -0.00870555],1,0,-1.0,hybrid,Hybrid_TD_Supervised,-4.467976649251467,0.40890740923629165
1,264,[-0.57954335 -0.0083498 ],0,0,-1.0,hybrid,Hybrid_TD_Supervised,-4.423455977068564,0.38578465570335974
1,265,[-0.5884755  -0.00893218],2,0,-1.0,hybrid,Hybrid_TD_Supervised,-4.485015896680277,0.4295567297495513
1,266,[-0.5959242  -0.00744867],0,0,-1.0,hybrid,Hybrid_TD_Supervised,-4.4666065760500935,0.3874796422349345
1,267,[-0.6038347  -0.00791048],1,0,-1.0,hybrid,Hybrid_TD_Supervised,-4.472126496470595,0.40921605047828224
1,268,[-0.6111492 -0.0073145],2,0,-1.0,hybrid,Hybrid_TD_Supervised,-4.524736532172591,0.4244512248712584
1,269,[-0.6168146 -0.0056654],2,0,-1.0,hybrid,Hybrid_TD_Supervised,-4.574127479265949,0.4096139789872182
1,270,[-0.62078995 -0.00397536],1,0,-1.0,hybrid,Hybrid_TD_Supervised,-4.575645507400344,0.40670302777072465
1,271,[-0.6240467  -0.00325671],0,0,-1.0,hybrid,Hybrid_TD_Supervised,-4.562847088701436,0.3962104678587679
1,272,[-0.62756133 -0.0035147 ],1,0,-1.0,hybrid,Hybrid_TD_Supervised,-4.600038172554465,0.4060391422561356
1,273,[-0.6303089  -0.00274756],0,0,-1.0,hybrid,Hybrid_TD_Supervised,-4.590011982705897,0.3971796794438871
1,274,[-0.6332697  -0.00296083],2,0,-1.0,hybrid,Hybrid_TD_Supervised,-4.614494890408585,0.410784875178436
1,275,[-0.6344228  -0.00115306],1,0,-1.0,hybrid,Hybrid_TD_Supervised,-4.64029292449279,0.40498504243193256
1,276,[-6.347599e-01 -3.371093e-04],2,0,-1.0,hybrid,Hybrid_TD_Supervised,-4.652904104361981,0.4028689557542604
1,277,[-0.63327867  0.00148123],0,0,-1.0,hybrid,Hybrid_TD_Supervised,-4.670136315722761,0.40648232229413983
1,278,[-0.6319896   0.00128907],1,0,-1.0,hybrid,Hybrid_TD_Supervised,-4.687220888459782,0.40359571426058394
1,279,[-0.6299019   0.00208775],2,0,-1.0,hybrid,Hybrid_TD_Supervised,-4.6835325389749425,0.39534724884899286
1,280,[-0.62603027  0.00387158],0,0,-1.0,hybrid,Hybrid_TD_Supervised,-4.729659874427513,0.41111748816409177
1,281,[-0.6224025   0.00362778],1,0,-1.0,hybrid,Hybrid_TD_Supervised,-4.731170603745978,0.40188721895835156
1,282,[-0.6180445  0.004358 ],2,0,-1.0,hybrid,Hybrid_TD_Supervised,-4.710340543454375,0.3876233611054707
1,283,[-0.6119876   0.00605691],1,0,-1.0,hybrid,Hybrid_TD_Supervised,-4.7417148065813475,0.4005458774527946
1,284,[-0.6052755   0.00671208],2,0,-1.0,hybrid,Hybrid_TD_Supervised,-4.702345131376729,0.3801672038581194
1,285,[-0.59695697  0.00831855],0,0,-1.0,hybrid,Hybrid_TD_Supervised,-4.765723742493288,0.4209741247483816
1,286,[-0.5890927  0.0078643],1,0,-1.0,hybrid,Hybrid_TD_Supervised,-4.7724435660147355,0.39835684428813245
1,287,[-0.58074033  0.00835235],2,0,-1.0,hybrid,Hybrid_TD_Supervised,-4.718247702820246,0.3736272377181571
1,288,[-0.5709615   0.00977882],2,0,-1.0,hybrid,Hybrid_TD_Supervised,-4.692175846504261,0.3699428290731357
1,289,[-0.55982864  0.01113284],1,0,-1.0,hybrid,Hybrid_TD_Supervised,-4.689119907258005,0.398993406341865
1,290,[-0.5484246   0.01140403],0,0,-1.0,hybrid,Hybrid_TD_Supervised,-4.754173518375376,0.42932362482975917
1,291,[-0.5378346   0.01059006],2,0,-1.0,hybrid,Hybrid_TD_Supervised,-4.70618572686497,0.3670247055679523
1,292,[-0.52613777  0.01169679],1,0,-1.0,hybrid,Hybrid_TD_Supervised,-4.708182931321248,0.3993395794090433
1,293,[-0.51442194  0.01171583],0,0,-1.0,hybrid,Hybrid_TD_Supervised,-4.788762423857833,0.43087405697624437
1,294,[-0.50377494  0.01064702],2,0,-1.0,hybrid,Hybrid_TD_Supervised,-4.727960546111225,0.367045362510686
1,295,[-0.49227652  0.01149843],1,0,-1.0,hybrid,Hybrid_TD_Supervised,-4.736657352775136,0.4002276524253945
1,296,[-0.48101264  0.01126385],2,0,-1.0,hybrid,Hybrid_TD_Supervised,-4.694378368121879,0.3676550699924799
1,297,[-0.46906734  0.01194533],0,0,-1.0,hybrid,Hybrid_TD_Supervised,-4.766246862619849,0.4335681697639231
1,298,[-0.45852917  0.01053816],1,0,-1.0,hybrid,Hybrid_TD_Supervised,-4.772891117551573,0.40119635705818646
1,299,[-0.44847593  0.01005323],2,0,-1.0,hybrid,Hybrid_TD_Supervised,-4.736318952814576,0.37136818248710224
1,300,[-0.43798137  0.01049457],1,0,-1.0,hybrid,Hybrid_TD_Supervised,-4.757649153951872,0.40250435914568317
1,301,[-0.4281219   0.00985948],0,0,-1.0,hybrid,Hybrid_TD_Supervised,-4.812565933239276,0.42835640048758505
1,302,[-0.41996872  0.00815315],2,0,-1.0,hybrid,Hybrid_TD_Supervised,-4.786972090007316,0.3767188447606533
1,303,[-0.41158035  0.00838839],1,0,-1.0,hybrid,Hybrid_TD_Supervised,-4.812965103416845,0.40203309818734523
1,304,[-0.40401638  0.00756397],0,0,-1.0,hybrid,Hybrid_TD_Supervised,-4.855958897472355,0.4199217862492559
1,305,[-0.39833015  0.00568622],2,0,-1.0,hybrid,Hybrid_TD_Supervised,-4.842864103366434,0.3830486472325685
1,306,[-0.3925615   0.00576866],1,0,-1.0,hybrid,Hybrid_TD_Supervised,-4.869539633193142,0.40016942593970395
1,307,[-0.3877505  0.004811 ],2,0,-1.0,hybrid,Hybrid_TD_Supervised,-4.846814073130458,0.3787659062902895
1,308,[-0.3829304   0.00482011],0,0,-1.0,hybrid,Hybrid_TD_Supervised,-4.867494718848682,0.4091083735662049
1,309,[-0.38013425  0.00279613],0,0,-1.0,hybrid,Hybrid_TD_Supervised,-4.9123870498352975,0.3996982736480099
1,310,[-0.3793812   0.00075306],1,0,-1.0,hybrid,Hybrid_TD_Supervised,-4.9183784827633,0.39647024694638944
1,311,[-3.7967634e-01 -2.9513994e-04],2,0,-1.0,hybrid,Hybrid_TD_Supervised,-4.937029347827414,0.3972113164824207
1,312,[-3.8001767e-01 -3.4133135e-04],0,0,-1.0,hybrid,Hybrid_TD_Supervised,-4.929364618267387,0.3866953610200419
1,313,[-0.38240287 -0.0023852 ],1,0,-1.0,hybrid,Hybrid_TD_Supervised,-4.942486663836247,0.39408176821379914
1,314,[-0.38581565 -0.00341278],0,0,-1.0,hybrid,Hybrid_TD_Supervised,-4.917182647612401,0.37557827551268774
1,315,[-0.39123264 -0.00541698],2,0,-1.0,hybrid,Hybrid_TD_Supervised,-4.958265765740165,0.40879498600274733
1,316,[-0.39661646 -0.00538384],1,0,-1.0,hybrid,Hybrid_TD_Supervised,-4.96336649615869,0.3906072886902381
1,317,[-0.4029298  -0.00631334],0,0,-1.0,hybrid,Hybrid_TD_Supervised,-4.9040647165427345,0.3660499918720568
1,318,[-0.41112852 -0.00819872],0,0,-1.0,hybrid,Hybrid_TD_Supervised,-4.870947396184009,0.3621736470300241
1,319,[-0.42115486 -0.01002633],2,0,-1.0,hybrid,Hybrid_TD_Supervised,-4.931466991432577,0.4190050838116677
1,320,[-0.43093747 -0.00978262],1,0,-1.0,hybrid,Hybrid_TD_Supervised,-4.927724023496528,0.3916290568212788
1,321,[-0.44140613 -0.01046867],0,0,-1.0,hybrid,Hybrid_TD_Supervised,-4.854681358387541,0.3586543926118795
1,322,[-0.453485   -0.01207888],0,0,-1.0,hybrid,Hybrid_TD_Supervised,-4.812183154048142,0.35896578018498326
1,323,[-0.4670859  -0.01360087],1,0,-1.0,hybrid,Hybrid_TD_Supervised,-4.824111450610173,0.3961989634662233
1,324,[-0.48110858 -0.01402269],2,0,-1.0,hybrid,Hybrid_TD_Supervised,-4.886892888930274,0.4285489192657117
1,325,[-0.49444908 -0.0133405 ],0,0,-1.0,hybrid,Hybrid_TD_Supervised,-4.817992738168533,0.36050462888716117
1,326,[-0.50900793 -0.01455884],1,0,-1.0,hybrid,Hybrid_TD_Supervised,-4.847643724830709,0.39519344916811816
1,327,[-0.52367616 -0.01466824],0,0,-1.0,hybrid,Hybrid_TD_Supervised,-4.776734032189512,0.3632913714470143
1,328,[-0.53934383 -0.01566766],2,0,-1.0,hybrid,Hybrid_TD_Supervised,-4.8585566339226816,0.4306496570366498
1,329,[-0.55389345 -0.01454962],1,0,-1.0,hybrid,Hybrid_TD_Supervised,-4.8682584263562205,0.3882699583143956
1,330,[-0.56821615 -0.01432272],0,0,-1.0,hybrid,Hybrid_TD_Supervised,-4.800848156304914,0.36449859059655143
1,331,[-0.5832052  -0.01498909],2,0,-1.0,hybrid,Hybrid_TD_Supervised,-4.894746542779879,0.4273949083409687
1,332,[-0.59674966 -0.01354442],0,0,-1.0,hybrid,Hybrid_TD_Supervised,-4.830656356309079,0.3654615766914455
1,333,[-0.61074984 -0.01400018],1,0,-1.0,hybrid,Hybrid_TD_Supervised,-4.854270643854105,0.39719589286278145
1,334,[-0.6241038  -0.01335397],0,0,-1.0,hybrid,Hybrid_TD_Supervised,-4.802249960714598,0.36777455833357653
1,335,[-0.63771534 -0.01361155],2,0,-1.0,hybrid,Hybrid_TD_Supervised,-4.868205038914648,0.4254985392276889
1,336,[-0.6494877 -0.0117723],1,0,-1.0,hybrid,Hybrid_TD_Supervised,-4.887309544560168,0.39760827665306486
1,337,[-0.66033804 -0.01085041],0,0,-1.0,hybrid,Hybrid_TD_Supervised,-4.839582770600235,0.37320106540144016
1,338,[-0.67119145 -0.01085339],2,0,-1.0,hybrid,Hybrid_TD_Supervised,-4.906171787642597,0.4204958556166445
1,339,[-0.6799737  -0.00878226],0,0,-1.0,hybrid,Hybrid_TD_Supervised,-4.883037094689586,0.37755570190919574
1,340,[-0.6886257 -0.008652 ],1,0,-1.0,hybrid,Hybrid_TD_Supervised,-4.889608600178097,0.3991331380130725
1,341,[-0.69609    -0.00746424],2,0,-1.0,hybrid,Hybrid_TD_Supervised,-4.94294537047933,0.41270107955246127
1,342,[-0.7013175  -0.00522753],0,0,-1.0,hybrid,Hybrid_TD_Supervised,-4.936306767004332,0.3852588183952692
1,343,[-0.7062744  -0.00495689],1,0,-1.0,hybrid,Hybrid_TD_Supervised,-4.945264719313043,0.39828594992119504
1,344,[-0.70992875 -0.00365438],2,0,-1.0,hybrid,Hybrid_TD_Supervised,-4.980819615586206,0.4034791133825819
1,345,[-0.71125734 -0.00132856],0,0,-1.0,hybrid,Hybrid_TD_Supervised,-4.998250590105502,0.3930974204785129
1,346,[-0.7122516  -0.00099429],1,0,-1.0,hybrid,Hybrid_TD_Supervised,-5.003588337071121,0.39712500925315153
1,347,[-7.1190536e-01  3.4626888e-04],1,0,-1.0,hybrid,Hybrid_TD_Supervised,-5.022662236256885,0.3835951316838506
1,348,[-0.7102207   0.00168464],2,0,-1.0,hybrid,Hybrid_TD_Supervised,-5.016061044861707,0.3908398717693351
1,349,[-0.70620835  0.00401232],2,0,-1.0,hybrid,Hybrid_TD_Supervised,-5.035544082020184,0.3840337007110417
1,350,[-0.69989395  0.00631441],0,0,-1.0,hybrid,Hybrid_TD_Supervised,-5.075448954477835,0.4075782227156899
1,351,[-0.6933181   0.00657584],1,0,-1.0,hybrid,Hybrid_TD_Supervised,-5.088262745476796,0.39197914139876167
1,352,[-0.6855237   0.00779444],2,0,-1.0,hybrid,Hybrid_TD_Supervised,-5.051322580449343,0.3701785015432444
1,353,[-0.675562    0.00996168],1,0,-1.0,hybrid,Hybrid_TD_Supervised,-5.075437182402031,0.38837972356088146
1,354,[-0.6644997   0.01106233],0,0,-1.0,hybrid,Hybrid_TD_Supervised,-5.117327878162101,0.4091485639080239
1,355,[-0.6534118  0.0110879],2,0,-1.0,hybrid,Hybrid_TD_Supervised,-5.0463279305730655,0.3561492925696377
1,356,[-0.6403747   0.01303707],2,0,-1.0,hybrid,Hybrid_TD_Supervised,-4.9955798456558185,0.3502255067599451
1,357,[-0.62547964  0.01489508],1,0,-1.0,hybrid,Hybrid_TD_Supervised,-4.981074113778515,0.3849953585259538
1,358,[-0.6098323   0.01564735],2,0,-1.0,hybrid,Hybrid_TD_Supervised,-4.9083276944283325,0.34461229723993503
1,359,[-0.5925454   0.01728691],1,0,-1.0,hybrid,Hybrid_TD_Supervised,-4.898716867011277,0.38653786522379363
1,360,[-0.57474506  0.01780033],1,0,-1.0,hybrid,Hybrid_TD_Supervised,-4.8914882702305125,0.37444833320759807
1,361,[-0.5565626   0.01818242],2,0,-1.0,hybrid,Hybrid_TD_Supervised,-4.793133759800398,0.34463691407590424
1,362,[-0.5371334   0.01942925],0,0,-1.0,hybrid,Hybrid_TD_Supervised,-4.867666307557506,0.43744696441012265
1,363,[-0.5186026   0.01853073],2,0,-1.0,hybrid,Hybrid_TD_Supervised,-4.795169596398667,0.3470082453707555
1,364,[-0.4991094   0.01949326],0,0,-1.0,hybrid,Hybrid_TD_Supervised,-4.889244556137978,0.4372138603733964
1,365,[-0.48079962  0.01830976],1,0,-1.0,hybrid,Hybrid_TD_Supervised,-4.878263727201824,0.39216104458092316
1,366,[-0.46280998  0.01798964],2,0,-1.0,hybrid,Hybrid_TD_Supervised,-4.795083345380485,0.35092316425086434
1,367,[-0.4442737   0.01853625],1,0,-1.0,hybrid,Hybrid_TD_Supervised,-4.8148368423681855,0.39511626140035316
1,368,[-0.4263268   0.01794691],2,0,-1.0,hybrid,Hybrid_TD_Supervised,-4.732319459101408,0.3555368822201008
1,369,[-0.4080991   0.01822768],0,0,-1.0,hybrid,Hybrid_TD_Supervised,-4.824485105272757,0.44046851079455696
1,370,[-0.39172044  0.01637867],1,0,-1.0,hybrid,Hybrid_TD_Supervised,-4.84070756485667,0.3991942900869976
1,371,[-0.37630528  0.01541518],2,0,-1.0,hybrid,Hybrid_TD_Supervised,-4.77047136019175,0.3638106459607857
1,372,[-0.3609592   0.01534608],0,0,-1.0,hybrid,Hybrid_TD_Supervised,-4.8800608713160205,0.4398277462457494
1,373,[-0.3477851   0.01317411],2,0,-1.0,hybrid,Hybrid_TD_Supervised,-4.825867730348548,0.37029415547395095
1,374,[-0.3348693  0.0129158],1,0,-1.0,hybrid,Hybrid_TD_Supervised,-4.843588498867007,0.4056924913518247
1,375,[-0.32329452  0.01157475],2,0,-1.0,hybrid,Hybrid_TD_Supervised,-4.8298964296979525,0.3766278818666797
1,376,[-0.31213328  0.01116126],0,0,-1.0,hybrid,Hybrid_TD_Supervised,-4.905193718490599,0.4324842598284695
1,377,[-0.30345374  0.00867953],1,0,-1.0,hybrid,Hybrid_TD_Supervised,-4.920275796744345,0.4047727833771204
1,378,[-0.29630786  0.00714588],2,0,-1.0,hybrid,Hybrid_TD_Supervised,-4.924592329005173,0.38519304084410333
1,379,[-0.28973758  0.00657026],1,0,-1.0,hybrid,Hybrid_TD_Supervised,-4.951391580423508,0.40352157463763794
1,380,[-0.2847809   0.00495669],0,0,-1.0,hybrid,Hybrid_TD_Supervised,-4.991087093853048,0.4131291631002454
1,381,[-0.282466    0.00231491],2,0,-1.0,hybrid,Hybrid_TD_Supervised,-5.00662278250998,0.3928637345159731
1,382,[-0.28080592  0.00166007],0,0,-1.0,hybrid,Hybrid_TD_Supervised,-5.036251456174608,0.3981157339976047
1,383,[-0.28181002 -0.00100408],1,0,-1.0,hybrid,Hybrid_TD_Supervised,-5.043192024161841,0.39725314041007387
1,384,[-0.2844726  -0.00266261],2,0,-1.0,hybrid,Hybrid_TD_Supervised,-5.082192130115407,0.399486827786554
1,385,[-0.28777876 -0.00330614],1,0,-1.0,hybrid,Hybrid_TD_Supervised,-5.0984932935493825,0.3939435692801272
1,386,[-0.29270965 -0.0049309 ],0,0,-1.0,hybrid,Hybrid_TD_Supervised,-5.077522984843283,0.37946293073015
1,387,[-0.30023703 -0.00752738],2,0,-1.0,hybrid,Hybrid_TD_Supervised,-5.130288844212432,0.4047866681344807
1,388,[-0.30831704 -0.00808001],0,0,-1.0,hybrid,Hybrid_TD_Supervised,-5.09000399877276,0.3670323826383699
1,389,[-0.31890175 -0.0105847 ],1,0,-1.0,hybrid,Hybrid_TD_Supervised,-5.084129830936243,0.3861359292692699
1,390,[-0.33092698 -0.01202524],0,0,-1.0,hybrid,Hybrid_TD_Supervised,-5.035600267051392,0.3546569354801843
1,391,[-0.34531814 -0.01439114],2,0,-1.0,hybrid,Hybrid_TD_Supervised,-5.092823633814625,0.4139071790294624
1,392,[-0.35998353 -0.01466541],1,0,-1.0,hybrid,Hybrid_TD_Supervised,-5.0774230744592055,0.3835708914003093
1,393,[-0.37582737 -0.01584384],0,0,-1.0,hybrid,Hybrid_TD_Supervised,-4.993795895762776,0.3477664151855846
1,394,[-0.39374354 -0.01791617],0,0,-1.0,hybrid,Hybrid_TD_Supervised,-4.938408582567812,0.3491197295592361
1,395,[-0.41360918 -0.01986564],1,0,-1.0,hybrid,Hybrid_TD_Supervised,-4.941916291821103,0.39181762262360964
1,396,[-0.43428487 -0.02067568],2,0,-1.0,hybrid,Hybrid_TD_Supervised,-5.020315573177952,0.4304644636077444
1,397,[-0.45462242 -0.02033754],2,0,-1.0,hybrid,Hybrid_TD_Supervised,-5.085030847675343,0.40379439347167967
1,398,[-0.4744736  -0.01985118],0,0,-1.0,hybrid,Hybrid_TD_Supervised,-5.006231674139163,0.3530996014509795
1,399,[-0.49569187 -0.02121829],0,0,-1.0,hybrid,Hybrid_TD_Supervised,-4.9661082447119025,0.35567660664886347
1,400,[-0.5181192  -0.02242735],1,0,-1.0,hybrid,Hybrid_TD_Supervised,-4.968807221022352,0.39477199503524485
1,401,[-0.54058766 -0.02246844],0,0,-1.0,hybrid,Hybrid_TD_Supervised,-4.9195934275255,0.3558672419652624
1,402,[-0.5639287  -0.02334108],1,0,-1.0,hybrid,Hybrid_TD_Supervised,-4.923915682021537,0.3914590269597902
1,403,[-0.58696806 -0.02303934],1,0,-1.0,hybrid,Hybrid_TD_Supervised,-4.9249943604226,0.37583779637617276
1,404,[-0.60953504 -0.02256693],0,0,-1.0,hybrid,Hybrid_TD_Supervised,-4.835039264227258,0.3517331266280497
1,405,[-0.6324645  -0.02292953],2,0,-1.0,hybrid,Hybrid_TD_Supervised,-4.8881751342690904,0.42197990500941174
1,406,[-0.653592   -0.02112747],0,0,-1.0,hybrid,Hybrid_TD_Supervised,-4.820258188204446,0.351732393650952
1,407,[-0.67476904 -0.02117705],2,0,-1.0,hybrid,Hybrid_TD_Supervised,-4.890750468192506,0.4235492192879584
1,408,[-0.6938508  -0.01908173],0,0,-1.0,hybrid,Hybrid_TD_Supervised,-4.817459010316808,0.3575053206461267
1,409,[-0.71271044 -0.01885964],1,0,-1.0,hybrid,Hybrid_TD_Supervised,-4.816292027673094,0.39610534188949353
1,410,[-0.73022664 -0.01751618],0,0,-1.0,hybrid,Hybrid_TD_Supervised,-4.775685391111006,0.3664138837162749
1,411,[-0.74729043 -0.01706383],2,0,-1.0,hybrid,Hybrid_TD_Supervised,-4.851202551947226,0.4344395185475456
1,412,[-0.7617997  -0.01450926],1,0,-1.0,hybrid,Hybrid_TD_Supervised,-4.871718837993207,0.4052799160181806
1,413,[-0.77467066 -0.01287096],0,0,-1.0,hybrid,Hybrid_TD_Supervised,-4.8433604599149644,0.38027548117376586
1,414,[-0.7868316  -0.01216099],2,0,-1.0,hybrid,Hybrid_TD_Supervised,-4.934784171827728,0.4294325928149312
1,415,[-0.79621726 -0.00938564],0,0,-1.0,hybrid,Hybrid_TD_Supervised,-4.914126767840006,0.3861243461159356
1,416,[-0.8047787  -0.00856144],1,0,-1.0,hybrid,Hybrid_TD_Supervised,-4.93949090512086,0.4062953021363471
1,417,[-0.81147265 -0.00669393],0,0,-1.0,hybrid,Hybrid_TD_Supervised,-4.953506914766196,0.3899700660754988
1,418,[-0.8172661  -0.00579343],2,0,-1.0,hybrid,Hybrid_TD_Supervised,-5.003528128349327,0.414306381366659
1,419,[-0.82013106 -0.00286499],1,0,-1.0,hybrid,Hybrid_TD_Supervised,-5.019902737973762,0.4015670800177733
1,420,[-0.82105404 -0.00092294],0,0,-1.0,hybrid,Hybrid_TD_Supervised,-5.033419703599721,0.39533986318395176
1,421,[-8.2103056e-01  2.3451956e-05],2,0,-1.0,hybrid,Hybrid_TD_Supervised,-5.069030443186441,0.39747047989333373
1,422,[-0.8180608   0.00296974],1,0,-1.0,hybrid,Hybrid_TD_Supervised,-5.077213777896831,0.3952031459865961
1,423,[-0.81315887  0.00490197],0,0,-1.0,hybrid,Hybrid_TD_Supervised,-5.094638102750339,0.4004007619302188
1,424,[-0.8073482   0.00581066],2,0,-1.0,hybrid,Hybrid_TD_Supervised,-5.100929410047717,0.37863155286237893
1,425,[-0.7986573   0.00869092],1,0,-1.0,hybrid,Hybrid_TD_Supervised,-5.0986437107039855,0.3878918646689473
1,426,[-0.7881297   0.01052759],0,0,-1.0,hybrid,Hybrid_TD_Supervised,-5.128927908515249,0.4061610411510932
1,427,[-0.7768199   0.01130978],2,0,-1.0,hybrid,Hybrid_TD_Supervised,-5.089277724460455,0.3583849699498627
1,428,[-0.7627884   0.01403147],1,0,-1.0,hybrid,Hybrid_TD_Supervised,-5.074943264297896,0.38044186395367463
1,429,[-0.74711305  0.01567536],0,0,-1.0,hybrid,Hybrid_TD_Supervised,-5.122782951486288,0.4117110200256766
1,430,[-0.7308842   0.01622889],2,0,-1.0,hybrid,Hybrid_TD_Supervised,-5.03055175144609,0.33966545659874736
1,431,[-0.7121989   0.01868525],1,0,-1.0,hybrid,Hybrid_TD_Supervised,-5.008121930248793,0.37554006035616094
1,432,[-0.6921734   0.02002548],2,0,-1.0,hybrid,Hybrid_TD_Supervised,-4.901227568807162,0.3321031381184656
1,433,[-0.66993684  0.02223658],0,0,-1.0,hybrid,Hybrid_TD_Supervised,-4.960900529995612,0.42455087329387764
1,434,[-0.64763767  0.0222992 ],1,0,-1.0,hybrid,Hybrid_TD_Supervised,-4.937153769248549,0.3782444930544835
1,435,[-0.62442946  0.02320817],2,0,-1.0,hybrid,Hybrid_TD_Supervised,-4.824116057781496,0.33390307797134566
1,436,[-0.5994766   0.02495292],1,0,-1.0,hybrid,Hybrid_TD_Supervised,-4.824172007418134,0.3859489466778325
1,437,[-0.57395947  0.0255171 ],0,0,-1.0,hybrid,Hybrid_TD_Supervised,-4.90292889501215,0.4363425988264651
1,438,[-0.54906607  0.02489338],2,0,-1.0,hybrid,Hybrid_TD_Supervised,-4.791397645215694,0.34152571996987335
1,439,[-0.5229819   0.02608419],2,0,-1.0,hybrid,Hybrid_TD_Supervised,-4.715602220196381,0.3448762587203458
1,440,[-0.49590233  0.02707957],1,0,-1.0,hybrid,Hybrid_TD_Supervised,-4.700602187549566,0.3947209778819507
1,441,[-0.46903023  0.02687208],0,0,-1.0,hybrid,Hybrid_TD_Supervised,-4.806141217334906,0.43903274697460626
1,442,[-0.4435656   0.02546464],2,0,-1.0,hybrid,Hybrid_TD_Supervised,-4.701688805889251,0.34761218329467525
1,443,[-0.41769546  0.02587015],1,0,-1.0,hybrid,Hybrid_TD_Supervised,-4.683511347665592,0.3918953019014486
1,444,[-0.3926063   0.02508917],2,0,-1.0,hybrid,Hybrid_TD_Supervised,-4.610549456190607,0.3507045526809873
1,445,[-0.36747447  0.02513181],1,0,-1.0,hybrid,Hybrid_TD_Supervised,-4.597402896116266,0.39428322513409286
1,446,[-0.34347123  0.02400323],0,0,-1.0,hybrid,Hybrid_TD_Supervised,-4.684705933725402,0.44019766195555743
1,447,[-0.3217542   0.02171707],2,0,-1.0,hybrid,Hybrid_TD_Supervised,-4.607814542542375,0.3629171158488296
1,448,[-0.3004601   0.02129406],1,0,-1.0,hybrid,Hybrid_TD_Supervised,-4.628846575932005,0.40875419265847546
1,449,[-0.28071737  0.01974274],2,0,-1.0,hybrid,Hybrid_TD_Supervised,-4.591385242822342,0.3756236618798845
1,450,[-0.26163927  0.0190781 ],0,0,-1.0,hybrid,Hybrid_TD_Supervised,-4.706339616561821,0.45807327318021196
1,451,[-0.2453298   0.01630948],1,0,-1.0,hybrid,Hybrid_TD_Supervised,-4.745685455316059,0.4204296110282679
1,452,[-0.23087323  0.01445656],2,0,-1.0,hybrid,Hybrid_TD_Supervised,-4.737742306929784,0.3901727388164722
1,453,[-0.2173406   0.01353262],1,0,-1.0,hybrid,Hybrid_TD_Supervised,-4.8018296751099605,0.4210484716084937
1,454,[-0.20579512  0.01154548],0,0,-1.0,hybrid,Hybrid_TD_Supervised,-4.894001104707806,0.4410131274677398
1,455,[-0.19728814  0.00850699],0,0,-1.0,hybrid,Hybrid_TD_Supervised,-4.958215730306241,0.4045760910017919
1,456,[-0.1918559   0.00543224],0,0,-1.0,hybrid,Hybrid_TD_Supervised,-5.006561689140719,0.3708318577579166
1,457,[-0.18952088  0.00233503],2,0,-1.0,hybrid,Hybrid_TD_Supervised,-5.0140475006562335,0.3983070718330013
1,458,[-0.18829253  0.00122834],1,0,-1.0,hybrid,Hybrid_TD_Supervised,-5.059715542386279,0.40400093155459205
1,459,[-0.18917583 -0.0008833 ],0,0,-1.0,hybrid,Hybrid_TD_Supervised,-5.09320455167101,0.34825215786855956
1,460,[-0.19316721 -0.00399138],2,0,-1.0,hybrid,Hybrid_TD_Supervised,-5.11209474631856,0.4017291880692744
1,461,[-0.19825043 -0.00508322],1,0,-1.0,hybrid,Hybrid_TD_Supervised,-5.146798116839038,0.39634930772014165
1,462,[-0.20540437 -0.00715394],2,0,-1.0,hybrid,Hybrid_TD_Supervised,-5.184964821530886,0.40208561476634364
1,463,[-0.21359849 -0.00819412],1,0,-1.0,hybrid,Hybrid_TD_Supervised,-5.210275777964251,0.39027916118120975
1,464,[-0.22379667 -0.01019817],1,0,-1.0,hybrid,Hybrid_TD_Supervised,-5.222319367576547,0.3750833658610202
1,465,[-0.23595223 -0.01215557],2,0,-1.0,hybrid,Hybrid_TD_Supervised,-5.249679297477358,0.4025662973826014
1,466,[-0.2490072  -0.01305496],2,0,-1.0,hybrid,Hybrid_TD_Supervised,-5.318919874726945,0.40126364908190304
1,467,[-0.26289645 -0.01388925],1,0,-1.0,hybrid,Hybrid_TD_Supervised,-5.31606067880859,0.37597964824566743
1,468,[-0.2785476  -0.01565119],0,0,-1.0,hybrid,Hybrid_TD_Supervised,-5.238365752950982,0.3440481100413284
1,469,[-0.29687557 -0.01832794],2,0,-1.0,hybrid,Hybrid_TD_Supervised,-5.292032591305793,0.404848246906957
1,470,[-0.3157758  -0.01890025],1,0,-1.0,hybrid,Hybrid_TD_Supervised,-5.272306050770018,0.3715208004109307
1,471,[-0.33613572 -0.02035989],0,0,-1.0,hybrid,Hybrid_TD_Supervised,-5.173781440788171,0.33717151046202787
1,472,[-0.35882863 -0.02269291],2,0,-1.0,hybrid,Hybrid_TD_Supervised,-5.257750945173912,0.4161716946376828
1,473,[-0.3817076  -0.02287897],0,0,-1.0,hybrid,Hybrid_TD_Supervised,-5.1668142641073915,0.3417120785375416
1,474,[-0.4066189  -0.02491131],1,0,-1.0,hybrid,Hybrid_TD_Supervised,-5.161392558210415,0.38665717187366955
1,475,[-0.43238968 -0.02577076],0,0,-1.0,hybrid,Hybrid_TD_Supervised,-5.114533121936719,0.35023576824719216
1,476,[-0.459836   -0.02744632],1,0,-1.0,hybrid,Hybrid_TD_Supervised,-5.1250049830754545,0.3933003621060074
1,477,[-0.48775762 -0.02792163],2,0,-1.0,hybrid,Hybrid_TD_Supervised,-5.208869748808548,0.4327513691062084
1,478,[-0.51494753 -0.02718993],0,0,-1.0,hybrid,Hybrid_TD_Supervised,-5.154794586756525,0.3492993103033486
1,479,[-0.54320234 -0.0282548 ],1,0,-1.0,hybrid,Hybrid_TD_Supervised,-5.158949102044183,0.3863856925706499
1,480,[-0.5713102  -0.02810786],2,0,-1.0,hybrid,Hybrid_TD_Supervised,-5.229359287890286,0.4207801085075684
1,481,[-0.59806144 -0.02675124],0,0,-1.0,hybrid,Hybrid_TD_Supervised,-5.14089033995625,0.3385343631302815
1,482,[-0.62525886 -0.02719741],2,0,-1.0,hybrid,Hybrid_TD_Supervised,-5.1972714562376785,0.4022387279259143
1,483,[-0.6507056  -0.02544672],1,0,-1.0,hybrid,Hybrid_TD_Supervised,-5.162936072415946,0.3723777960828789
1,484,[-0.6752219  -0.02451636],2,0,-1.0,hybrid,Hybrid_TD_Supervised,-5.2176299757636,0.38697103061800675
1,485,[-0.69763994 -0.02241799],0,0,-1.0,hybrid,Hybrid_TD_Supervised,-5.12191478906956,0.3411521441328853
1,486,[-0.71981114 -0.02217119],1,0,-1.0,hybrid,Hybrid_TD_Supervised,-5.132237042689222,0.3834384028418172
1,487,[-0.74059427 -0.02078312],0,0,-1.0,hybrid,Hybrid_TD_Supervised,-5.0601508766847125,0.3524234993512323
1,488,[-0.76086247 -0.02026819],1,0,-1.0,hybrid,Hybrid_TD_Supervised,-5.096198409338074,0.39445172210366586
1,489,[-0.7794977  -0.01863521],0,0,-1.0,hybrid,Hybrid_TD_Supervised,-5.0423412876188305,0.3652767441577973
1,490,[-0.79739666 -0.01789901],2,0,-1.0,hybrid,Hybrid_TD_Supervised,-5.147865940443767,0.43617906980257093
1,491,[-0.8124654  -0.01506877],1,0,-1.0,hybrid,Hybrid_TD_Supervised,-5.181441043153712,0.39691284062079246
1,492,[-0.8256289  -0.01316344],2,0,-1.0,hybrid,Hybrid_TD_Supervised,-5.249235336829075,0.4058440240528576
1,493,[-0.8358246 -0.0101957],0,0,-1.0,hybrid,Hybrid_TD_Supervised,-5.232798637188949,0.37995966763180355
1,494,[-0.8450063  -0.00918171],0,0,-1.0,hybrid,Hybrid_TD_Supervised,-5.255547259502048,0.3811724802046319
1,495,[-0.853134  -0.0081277],0,0,-1.0,hybrid,Hybrid_TD_Supervised,-5.2712021264541535,0.37707350844898224
1,496,[-0.8601735  -0.00703955],1,0,-1.0,hybrid,Hybrid_TD_Supervised,-5.293335434942787,0.3986665982849966
1,497,[-0.8650964  -0.00492284],2,0,-1.0,hybrid,Hybrid_TD_Supervised,-5.346365471286646,0.4035004194813907
1,498,[-0.8668831  -0.00178671],0,0,-1.0,hybrid,Hybrid_TD_Supervised,-5.361470462603789,0.38588620549747166
1,499,[-8.675267e-01 -6.436499e-04],1,0,-1.0,hybrid,Hybrid_TD_Supervised,-5.378930583186837,0.3899341617645491
1,500,[-0.86602485  0.00150189],2,0,-1.0,hybrid,Hybrid_TD_Supervised,-5.3906465570900695,0.38157116401459445
1,501,[-0.8613832   0.00464163],0,0,-1.0,hybrid,Hybrid_TD_Supervised,-5.400226809324648,0.3892467956675505
1,502,[-0.8556201   0.00576315],0,0,-1.0,hybrid,Hybrid_TD_Supervised,-5.43803823935125,0.38367761830369984
1,503,[-0.8487586  0.0068615],1,0,-1.0,hybrid,Hybrid_TD_Supervised,-5.429360788177607,0.37887079443025096
1,504,[-0.8398271   0.00893142],2,0,-1.0,hybrid,Hybrid_TD_Supervised,-5.389520475128854,0.35672667965126603
1,505,[-0.8278641   0.01196305],1,0,-1.0,hybrid,Hybrid_TD_Supervised,-5.390235264292786,0.37236960172487876
1,506,[-0.813923    0.01394109],0,0,-1.0,hybrid,Hybrid_TD_Supervised,-5.418518393625109,0.3986090577110879
1,507,[-0.7990695   0.01485348],2,0,-1.0,hybrid,Hybrid_TD_Supervised,-5.33889772194695,0.3372562764572953
1,508,[-0.78137726  0.01769224],0,0,-1.0,hybrid,Hybrid_TD_Supervised,-5.392859941012234,0.4024813730182739
1,509,[-0.76293874  0.01843856],1,0,-1.0,hybrid,Hybrid_TD_Supervised,-5.362958554237646,0.3650778395793801
1,510,[-0.7428554  0.0200833],2,0,-1.0,hybrid,Hybrid_TD_Supervised,-5.239259596980545,0.3210221110667786
1,511,[-0.72024375  0.02261168],0,0,-1.0,hybrid,Hybrid_TD_Supervised,-5.298526193580701,0.4098266357942171
1,512,[-0.6972413   0.02300245],1,0,-1.0,hybrid,Hybrid_TD_Supervised,-5.269975549327463,0.3646346455543221
1,513,[-0.6729946   0.02424666],2,0,-1.0,hybrid,Hybrid_TD_Supervised,-5.132562960309981,0.3188924007376466
1,514,[-0.6466646   0.02632999],0,0,-1.0,hybrid,Hybrid_TD_Supervised,-5.214201217124531,0.42267538361833257
1,515,[-0.6204325   0.02623216],2,0,-1.0,hybrid,Hybrid_TD_Supervised,-5.098396219538076,0.3247623955163901
1,516,[-0.59248424  0.02794824],1,0,-1.0,hybrid,Hybrid_TD_Supervised,-5.082182512694358,0.38157590112274153
1,517,[-0.564023    0.02846121],0,0,-1.0,hybrid,Hybrid_TD_Supervised,-5.189823432263909,0.433399522324871
1,518,[-0.5362594   0.02776365],2,0,-1.0,hybrid,Hybrid_TD_Supervised,-5.0787857500901294,0.33422264753774433
1,519,[-0.5074008   0.02885858],1,0,-1.0,hybrid,Hybrid_TD_Supervised,-5.079533224564396,0.38661510433553925
1,520,[-0.47866365  0.02873715],2,0,-1.0,hybrid,Hybrid_TD_Supervised,-4.992925908739432,0.3391032440297863
1,521,[-0.4492625   0.02940115],1,0,-1.0,hybrid,Hybrid_TD_Supervised,-4.9954151869726715,0.3861053412325619
1,522,[-0.42041427  0.02884824],0,0,-1.0,hybrid,Hybrid_TD_Supervised,-5.069697072466303,0.42963364054016795
1,523,[-0.39332762  0.02708666],2,0,-1.0,hybrid,Hybrid_TD_Supervised,-4.963867317532573,0.33806012491113746
1,524,[-0.3661933  0.0271343],1,0,-1.0,hybrid,Hybrid_TD_Supervised,-4.965149924489749,0.3827633541005979
